size	repeat	seed	estimate
64	0	64000	3.3125
64	1	64001	2.75
64	2	64002	3.1875
64	3	64003	2.9375
64	4	64004	3.5625
64	5	64005	3.0625
64	6	64006	3.1875
64	7	64007	2.75
64	8	64008	3.125
64	9	64009	3.0
64	10	64010	3.0625
64	11	64011	3.125
64	12	64012	3.125
64	13	64013	2.875
64	14	64014	3.3125
64	15	64015	2.8125
64	16	64016	2.9375
64	17	64017	3.125
64	18	64018	3.5
64	19	64019	3.5625
64	20	64020	3.0625
64	21	64021	3.375
64	22	64022	2.9375
64	23	64023	3.125
64	24	64024	3.4375
64	25	64025	3.3125
64	26	64026	3.25
64	27	64027	3.0
64	28	64028	3.5
64	29	64029	3.125
64	30	64030	2.75
64	31	64031	3.0625
64	32	64032	3.125
64	33	64033	2.75
64	34	64034	3.25
64	35	64035	3.0625
64	36	64036	2.9375
64	37	64037	2.9375
64	38	64038	3.125
64	39	64039	3.3125
64	40	64040	3.0625
64	41	64041	2.875
64	42	64042	2.875
64	43	64043	2.9375
64	44	64044	3.3125
64	45	64045	3.375
64	46	64046	3.1875
64	47	64047	3.5
64	48	64048	3.4375
64	49	64049	2.75
64	50	64050	3.0625
64	51	64051	3.375
64	52	64052	3.125
64	53	64053	2.9375
64	54	64054	3.0
64	55	64055	3.1875
64	56	64056	3.0
64	57	64057	3.3125
64	58	64058	3.25
64	59	64059	3.0
64	60	64060	3.25
64	61	64061	3.125
64	62	64062	3.1875
64	63	64063	3.0625
64	64	64064	3.0
64	65	64065	2.8125
64	66	64066	3.25
64	67	64067	3.375
64	68	64068	3.375
64	69	64069	2.875
64	70	64070	3.0625
64	71	64071	3.0625
64	72	64072	3.125
64	73	64073	3.0
64	74	64074	3.25
64	75	64075	2.875
64	76	64076	3.0625
64	77	64077	3.375
64	78	64078	3.375
64	79	64079	3.4375
64	80	64080	2.9375
64	81	64081	3.25
64	82	64082	3.0625
64	83	64083	3.0
64	84	64084	3.0625
64	85	64085	3.1875
64	86	64086	3.0
64	87	64087	3.1875
64	88	64088	3.375
64	89	64089	3.3125
64	90	64090	3.125
64	91	64091	2.625
64	92	64092	3.0625
64	93	64093	3.0625
64	94	64094	2.9375
64	95	64095	3.0625
64	96	64096	3.25
64	97	64097	2.9375
64	98	64098	3.0625
64	99	64099	3.0625
256	0	256000	3.203125
256	1	256001	2.984375
256	2	256002	3.046875
256	3	256003	3.25
256	4	256004	3.28125
256	5	256005	3.15625
256	6	256006	3.15625
256	7	256007	3.171875
256	8	256008	3.234375
256	9	256009	3.203125
256	10	256010	3.21875
256	11	256011	3.171875
256	12	256012	3.296875
256	13	256013	3.171875
256	14	256014	3.390625
256	15	256015	3.1875
256	16	256016	3.09375
256	17	256017	3.109375
256	18	256018	3.0
256	19	256019	3.0625
256	20	256020	3.171875
256	21	256021	3.125
256	22	256022	3.046875
256	23	256023	3.359375
256	24	256024	3.140625
256	25	256025	3.125
256	26	256026	3.375
256	27	256027	3.203125
256	28	256028	3.234375
256	29	256029	3.1875
256	30	256030	3.0625
256	31	256031	3.234375
256	32	256032	2.953125
256	33	256033	3.15625
256	34	256034	3.28125
256	35	256035	3.125
256	36	256036	3.28125
256	37	256037	3.296875
256	38	256038	3.203125
256	39	256039	3.03125
256	40	256040	3.046875
256	41	256041	3.125
256	42	256042	2.96875
256	43	256043	3.1875
256	44	256044	3.015625
256	45	256045	3.0625
256	46	256046	3.171875
256	47	256047	3.28125
256	48	256048	2.96875
256	49	256049	2.984375
256	50	256050	3.21875
256	51	256051	3.015625
256	52	256052	3.140625
256	53	256053	2.953125
256	54	256054	3.296875
256	55	256055	3.125
256	56	256056	3.234375
256	57	256057	3.078125
256	58	256058	3.140625
256	59	256059	3.25
256	60	256060	3.171875
256	61	256061	3.125
256	62	256062	2.96875
256	63	256063	3.078125
256	64	256064	3.140625
256	65	256065	3.21875
256	66	256066	3.109375
256	67	256067	3.125
256	68	256068	3.046875
256	69	256069	3.0625
256	70	256070	3.203125
256	71	256071	3.15625
256	72	256072	3.140625
256	73	256073	3.1875
256	74	256074	3.1875
256	75	256075	3.09375
256	76	256076	3.015625
256	77	256077	3.09375
256	78	256078	3.171875
256	79	256079	3.171875
256	80	256080	3.015625
256	81	256081	3.125
256	82	256082	3.09375
256	83	256083	3.125
256	84	256084	3.21875
256	85	256085	3.171875
256	86	256086	2.9375
256	87	256087	3.15625
256	88	256088	3.046875
256	89	256089	3.0
256	90	256090	3.125
256	91	256091	2.96875
256	92	256092	3.171875
256	93	256093	3.125
256	94	256094	3.203125
256	95	256095	3.21875
256	96	256096	3.1875
256	97	256097	3.09375
256	98	256098	3.09375
256	99	256099	3.28125
1024	0	1024000	3.21875
1024	1	1024001	3.18359375
1024	2	1024002	3.1484375
1024	3	1024003	3.12109375
1024	4	1024004	3.10546875
1024	5	1024005	3.19921875
1024	6	1024006	3.13671875
1024	7	1024007	3.11328125
1024	8	1024008	3.0
1024	9	1024009	3.14453125
1024	10	1024010	3.1953125
1024	11	1024011	3.09765625
1024	12	1024012	3.171875
1024	13	1024013	3.125
1024	14	1024014	3.02734375
1024	15	1024015	3.11328125
1024	16	1024016	3.21875
1024	17	1024017	3.13671875
1024	18	1024018	3.1328125
1024	19	1024019	3.1171875
1024	20	1024020	3.125
1024	21	1024021	3.14453125
1024	22	1024022	3.1875
1024	23	1024023	3.0703125
1024	24	1024024	3.1875
1024	25	1024025	3.17578125
1024	26	1024026	3.03125
1024	27	1024027	3.21484375
1024	28	1024028	3.109375
1024	29	1024029	3.23046875
1024	30	1024030	3.1875
1024	31	1024031	3.20703125
1024	32	1024032	3.0859375
1024	33	1024033	3.2734375
1024	34	1024034	3.22265625
1024	35	1024035	3.1328125
1024	36	1024036	3.09375
1024	37	1024037	3.08203125
1024	38	1024038	3.09765625
1024	39	1024039	3.16015625
1024	40	1024040	3.10546875
1024	41	1024041	3.09375
1024	42	1024042	3.15234375
1024	43	1024043	3.1640625
1024	44	1024044	3.17578125
1024	45	1024045	3.15234375
1024	46	1024046	3.12109375
1024	47	1024047	3.12109375
1024	48	1024048	3.1953125
1024	49	1024049	3.02734375
1024	50	1024050	3.1328125
1024	51	1024051	3.1328125
1024	52	1024052	3.1640625
1024	53	1024053	3.140625
1024	54	1024054	3.16015625
1024	55	1024055	3.09765625
1024	56	1024056	3.140625
1024	57	1024057	3.171875
1024	58	1024058	2.984375
1024	59	1024059	3.11328125
1024	60	1024060	3.20703125
1024	61	1024061	3.26953125
1024	62	1024062	3.109375
1024	63	1024063	3.09375
1024	64	1024064	3.13671875
1024	65	1024065	3.07421875
1024	66	1024066	3.26171875
1024	67	1024067	3.125
1024	68	1024068	3.04296875
1024	69	1024069	3.203125
1024	70	1024070	3.234375
1024	71	1024071	3.09375
1024	72	1024072	3.125
1024	73	1024073	3.13671875
1024	74	1024074	3.109375
1024	75	1024075	3.1171875
1024	76	1024076	3.14453125
1024	77	1024077	3.10546875
1024	78	1024078	3.12890625
1024	79	1024079	3.17578125
1024	80	1024080	3.265625
1024	81	1024081	3.1796875
1024	82	1024082	3.12890625
1024	83	1024083	3.21875
1024	84	1024084	3.12109375
1024	85	1024085	3.25390625
1024	86	1024086	3.16796875
1024	87	1024087	3.15625
1024	88	1024088	3.19140625
1024	89	1024089	3.0859375
1024	90	1024090	3.20703125
1024	91	1024091	3.08984375
1024	92	1024092	3.1875
1024	93	1024093	3.0859375
1024	94	1024094	3.18359375
1024	95	1024095	3.140625
1024	96	1024096	3.11328125
1024	97	1024097	3.12109375
1024	98	1024098	3.140625
1024	99	1024099	3.17578125
4096	0	4096000	3.1416015625
4096	1	4096001	3.1357421875
4096	2	4096002	3.1630859375
4096	3	4096003	3.15625
4096	4	4096004	3.1484375
4096	5	4096005	3.1171875
4096	6	4096006	3.130859375
4096	7	4096007	3.18359375
4096	8	4096008	3.1611328125
4096	9	4096009	3.123046875
4096	10	4096010	3.130859375
4096	11	4096011	3.1884765625
4096	12	4096012	3.1064453125
4096	13	4096013	3.18359375
4096	14	4096014	3.103515625
4096	15	4096015	3.1650390625
4096	16	4096016	3.134765625
4096	17	4096017	3.1513671875
4096	18	4096018	3.16015625
4096	19	4096019	3.115234375
4096	20	4096020	3.1650390625
4096	21	4096021	3.1083984375
4096	22	4096022	3.1279296875
4096	23	4096023	3.1845703125
4096	24	4096024	3.125
4096	25	4096025	3.1181640625
4096	26	4096026	3.1376953125
4096	27	4096027	3.1123046875
4096	28	4096028	3.134765625
4096	29	4096029	3.12109375
4096	30	4096030	3.1298828125
4096	31	4096031	3.12890625
4096	32	4096032	3.1728515625
4096	33	4096033	3.1552734375
4096	34	4096034	3.1162109375
4096	35	4096035	3.1787109375
4096	36	4096036	3.126953125
4096	37	4096037	3.13671875
4096	38	4096038	3.1484375
4096	39	4096039	3.1806640625
4096	40	4096040	3.125
4096	41	4096041	3.125
4096	42	4096042	3.134765625
4096	43	4096043	3.1611328125
4096	44	4096044	3.134765625
4096	45	4096045	3.1611328125
4096	46	4096046	3.1865234375
4096	47	4096047	3.1748046875
4096	48	4096048	3.1298828125
4096	49	4096049	3.15625
4096	50	4096050	3.134765625
4096	51	4096051	3.15234375
4096	52	4096052	3.15234375
4096	53	4096053	3.1025390625
4096	54	4096054	3.1494140625
4096	55	4096055	3.0849609375
4096	56	4096056	3.1279296875
4096	57	4096057	3.1572265625
4096	58	4096058	3.13671875
4096	59	4096059	3.1728515625
4096	60	4096060	3.1455078125
4096	61	4096061	3.1572265625
4096	62	4096062	3.142578125
4096	63	4096063	3.1591796875
4096	64	4096064	3.1748046875
4096	65	4096065	3.115234375
4096	66	4096066	3.111328125
4096	67	4096067	3.1650390625
4096	68	4096068	3.1181640625
4096	69	4096069	3.193359375
4096	70	4096070	3.1337890625
4096	71	4096071	3.1123046875
4096	72	4096072	3.142578125
4096	73	4096073	3.1884765625
4096	74	4096074	3.15625
4096	75	4096075	3.1171875
4096	76	4096076	3.1533203125
4096	77	4096077	3.1650390625
4096	78	4096078	3.138671875
4096	79	4096079	3.162109375
4096	80	4096080	3.1103515625
4096	81	4096081	3.123046875
4096	82	4096082	3.14453125
4096	83	4096083	3.1572265625
4096	84	4096084	3.162109375
4096	85	4096085	3.1376953125
4096	86	4096086	3.1708984375
4096	87	4096087	3.1533203125
4096	88	4096088	3.1298828125
4096	89	4096089	3.1875
4096	90	4096090	3.1044921875
4096	91	4096091	3.1181640625
4096	92	4096092	3.138671875
4096	93	4096093	3.1171875
4096	94	4096094	3.146484375
4096	95	4096095	3.16796875
4096	96	4096096	3.103515625
4096	97	4096097	3.14453125
4096	98	4096098	3.1669921875
4096	99	4096099	3.1689453125
16384	0	16384000	3.1337890625
16384	1	16384001	3.1611328125
16384	2	16384002	3.15185546875
16384	3	16384003	3.152587890625
16384	4	16384004	3.132568359375
16384	5	16384005	3.125
16384	6	16384006	3.14599609375
16384	7	16384007	3.148193359375
16384	8	16384008	3.144287109375
16384	9	16384009	3.129638671875
16384	10	16384010	3.1513671875
16384	11	16384011	3.140380859375
16384	12	16384012	3.138671875
16384	13	16384013	3.152587890625
16384	14	16384014	3.158203125
16384	15	16384015	3.16015625
16384	16	16384016	3.151611328125
16384	17	16384017	3.127197265625
16384	18	16384018	3.154052734375
16384	19	16384019	3.1728515625
16384	20	16384020	3.152099609375
16384	21	16384021	3.1259765625
16384	22	16384022	3.1533203125
16384	23	16384023	3.157958984375
16384	24	16384024	3.1279296875
16384	25	16384025	3.165771484375
16384	26	16384026	3.157470703125
16384	27	16384027	3.16259765625
16384	28	16384028	3.14599609375
16384	29	16384029	3.124267578125
16384	30	16384030	3.182861328125
16384	31	16384031	3.12890625
16384	32	16384032	3.1416015625
16384	33	16384033	3.142333984375
16384	34	16384034	3.135986328125
16384	35	16384035	3.158447265625
16384	36	16384036	3.153076171875
16384	37	16384037	3.1552734375
16384	38	16384038	3.1552734375
16384	39	16384039	3.13623046875
16384	40	16384040	3.130859375
16384	41	16384041	3.157470703125
16384	42	16384042	3.14111328125
16384	43	16384043	3.135498046875
16384	44	16384044	3.138916015625
16384	45	16384045	3.138427734375
16384	46	16384046	3.157958984375
16384	47	16384047	3.160888671875
16384	48	16384048	3.14208984375
16384	49	16384049	3.150390625
16384	50	16384050	3.1494140625
16384	51	16384051	3.12451171875
16384	52	16384052	3.134033203125
16384	53	16384053	3.1328125
16384	54	16384054	3.118408203125
16384	55	16384055	3.129638671875
16384	56	16384056	3.14208984375
16384	57	16384057	3.160400390625
16384	58	16384058	3.129150390625
16384	59	16384059	3.152587890625
16384	60	16384060	3.139404296875
16384	61	16384061	3.1611328125
16384	62	16384062	3.14111328125
16384	63	16384063	3.121337890625
16384	64	16384064	3.138671875
16384	65	16384065	3.152099609375
16384	66	16384066	3.130615234375
16384	67	16384067	3.133544921875
16384	68	16384068	3.154296875
16384	69	16384069	3.1611328125
16384	70	16384070	3.1259765625
16384	71	16384071	3.15673828125
16384	72	16384072	3.126708984375
16384	73	16384073	3.1591796875
16384	74	16384074	3.137939453125
16384	75	16384075	3.160400390625
16384	76	16384076	3.11767578125
16384	77	16384077	3.14892578125
16384	78	16384078	3.13232421875
16384	79	16384079	3.13427734375
16384	80	16384080	3.144287109375
16384	81	16384081	3.126220703125
16384	82	16384082	3.152587890625
16384	83	16384083	3.142822265625
16384	84	16384084	3.130859375
16384	85	16384085	3.16064453125
16384	86	16384086	3.153564453125
16384	87	16384087	3.135009765625
16384	88	16384088	3.15478515625
16384	89	16384089	3.147705078125
16384	90	16384090	3.15771484375
16384	91	16384091	3.133056640625
16384	92	16384092	3.1474609375
16384	93	16384093	3.133056640625
16384	94	16384094	3.157470703125
16384	95	16384095	3.13330078125
16384	96	16384096	3.131591796875
16384	97	16384097	3.147216796875
16384	98	16384098	3.13037109375
16384	99	16384099	3.137939453125
